"",""
"Inclusion Criteria","patient or observer PROMs"
"","use/referal to a symptom specific PROM"
"","use/referal to a disease specific PROM"
"","use/referal to a patient reported scale that has been shown to be correlated with QoL"
"","only validated PROMs"
"","interviews/telephone based questionnaire can be included since we are looking for the PROM and its administration"
"Exclusion Citeria","general HrQoL PROMs"
"","PROMs related with symptoms/disease not associated/similar to pmm2"
"","not in english"
"","cost efectiveness studies"
"","reviews"
"Additional info","If theres is a not validated but interesting tool, we should exclude but highlight it because it can be used as inspiration"
